날짜,월,성별,시작연령,종료연령,지역,항목,값,전월대비 ±,전월대비(%) ±,인구천명당
2022,11월,남녀,전 연령,전 연령,전국,출생(명),18982,-1676,-8.11,4.5
2022,10월,남녀,전 연령,전 연령,전국,출생(명),20658,-1227,-5.61,4.7
2022,9월,남녀,전 연령,전 연령,전국,출생(명),21885,127,0.58,5.2
2022,8월,남녀,전 연령,전 연령,전국,출생(명),21758,1317,6.44,5
2022,7월,남녀,전 연령,전 연령,전국,출생(명),20441,1611,8.56,4.7
2022,6월,남녀,전 연령,전 연령,전국,출생(명),18830,-1177,-5.88,4.5
2022,5월,남녀,전 연령,전 연령,전국,출생(명),20007,-1117,-5.29,4.6
2022,4월,남녀,전 연령,전 연령,전국,출생(명),21124,-1801,-7.86,5
2022,3월,남녀,전 연령,전 연령,전국,출생(명),22925,2271,11,5.3
2022,2월,남녀,전 연령,전 연령,전국,출생(명),20654,-3944,-16.03,5.2
2022,1월,남녀,전 연령,전 연령,전국,출생(명),24598,7419,43.19,5.6
2021,12월,남녀,전 연령,전 연령,전국,출생(명),17179,-2650,-13.36,3.9
2021,11월,남녀,전 연령,전 연령,전국,출생(명),19829,-920,-4.43,4.7
2021,10월,남녀,전 연령,전 연령,전국,출생(명),20749,-1156,-5.28,4.8
2021,9월,남녀,전 연령,전 연령,전국,출생(명),21905,-377,-1.69,5.2
2021,8월,남녀,전 연령,전 연령,전국,출생(명),22282,-82,-0.37,5.1
2021,7월,남녀,전 연령,전 연령,전국,출생(명),22364,860,4,5.1
2021,6월,남녀,전 연령,전 연령,전국,출생(명),21504,-418,-1.91,5.1
2021,5월,남녀,전 연령,전 연령,전국,출생(명),21922,-781,-3.44,5
2021,4월,남녀,전 연령,전 연령,전국,출생(명),22703,-1222,-5.11,5.4
2021,3월,남녀,전 연령,전 연령,전국,출생(명),23925,2619,12.29,5.5
2021,2월,남녀,전 연령,전 연령,전국,출생(명),21306,-3588,-14.41,5.4
2021,1월,남녀,전 연령,전 연령,전국,출생(명),24894,5253,26.75,5.7
2020,12월,남녀,전 연령,전 연령,전국,출생(명),19641,-413,-2.06,4.5
2020,11월,남녀,전 연령,전 연령,전국,출생(명),20054,-1830,-8.36,4.8
2020,10월,남녀,전 연령,전 연령,전국,출생(명),21884,-1615,-6.87,5
2020,9월,남녀,전 연령,전 연령,전국,출생(명),23499,1097,4.9,5.6
2020,8월,남녀,전 연령,전 연령,전국,출생(명),22402,-597,-2.6,5.1
2020,7월,남녀,전 연령,전 연령,전국,출생(명),22999,882,3.99,5.3
2020,6월,남녀,전 연령,전 연령,전국,출생(명),22117,-730,-3.2,5.3
2020,5월,남녀,전 연령,전 연령,전국,출생(명),22847,-452,-1.94,5.3
2020,4월,남녀,전 연령,전 연령,전국,출생(명),23299,-891,-3.68,5.5
2020,3월,남녀,전 연령,전 연령,전국,출생(명),24190,1431,6.29,5.6
2020,2월,남녀,전 연령,전 연령,전국,출생(명),22759,-3887,-14.59,5.6
2020,1월,남녀,전 연령,전 연령,전국,출생(명),26646,5418,25.52,6.1
2019,12월,남녀,전 연령,전 연령,전국,출생(명),21228,-2499,-10.53,4.9
2019,11월,남녀,전 연령,전 연령,전국,출생(명),23727,-1886,-7.36,5.6
2019,10월,남녀,전 연령,전 연령,전국,출생(명),25613,1523,6.32,5.9
2019,9월,남녀,전 연령,전 연령,전국,출생(명),24090,-281,-1.15,5.7
2019,8월,남녀,전 연령,전 연령,전국,출생(명),24371,-851,-3.37,5.6
2019,7월,남녀,전 연령,전 연령,전국,출생(명),25222,1230,5.13,5.8
2019,6월,남녀,전 연령,전 연령,전국,출생(명),23992,-1307,-5.17,5.7
2019,5월,남녀,전 연령,전 연령,전국,출생(명),25299,-805,-3.08,5.8
2019,4월,남녀,전 연령,전 연령,전국,출생(명),26104,-945,-3.49,6.2
2019,3월,남녀,전 연령,전 연령,전국,출생(명),27049,1339,5.21,6.2
2019,2월,남녀,전 연령,전 연령,전국,출생(명),25710,-4561,-15.07,6.5
2019,1월,남녀,전 연령,전 연령,전국,출생(명),30271,7504,32.96,6.9
2018,12월,남녀,전 연령,전 연령,전국,출생(명),22767,-2534,-10.02,5.2
2018,11월,남녀,전 연령,전 연령,전국,출생(명),25301,-1173,-4.43,6
2018,10월,남녀,전 연령,전 연령,전국,출생(명),26474,408,1.57,6.1
2018,9월,남녀,전 연령,전 연령,전국,출생(명),26066,-1315,-4.8,6.2
2018,8월,남녀,전 연령,전 연령,전국,출생(명),27381,348,1.29,6.3
2018,7월,남녀,전 연령,전 연령,전국,출생(명),27033,676,2.56,6.2
2018,6월,남녀,전 연령,전 연령,전국,출생(명),26357,-1592,-5.7,6.3
2018,5월,남녀,전 연령,전 연령,전국,출생(명),27949,215,0.78,6.4
2018,4월,남녀,전 연령,전 연령,전국,출생(명),27734,-2253,-7.51,6.6
2018,3월,남녀,전 연령,전 연령,전국,출생(명),29987,2412,8.75,6.9
2018,2월,남녀,전 연령,전 연령,전국,출생(명),27575,-4623,-14.36,7
2018,1월,남녀,전 연령,전 연령,전국,출생(명),32198,7051,28.04,7.4
2017,12월,남녀,전 연령,전 연령,전국,출생(명),25147,-1921,-7.1,5.77
2017,11월,남녀,전 연령,전 연령,전국,출생(명),27068,-789,-2.83,6.42
2017,10월,남녀,전 연령,전 연령,전국,출생(명),27857,-2228,-7.41,6.4
2017,9월,남녀,전 연령,전 연령,전국,출생(명),30085,-50,-0.17,7.14
2017,8월,남녀,전 연령,전 연령,전국,출생(명),30135,717,2.44,6.92
2017,7월,남녀,전 연령,전 연령,전국,출생(명),29418,526,1.82,6.76
2017,6월,남녀,전 연령,전 연령,전국,출생(명),28892,-1411,-4.66,6.86
2017,5월,남녀,전 연령,전 연령,전국,출생(명),30303,-34,-0.11,6.97
2017,4월,남녀,전 연령,전 연령,전국,출생(명),30337,-2859,-8.61,7.21
2017,3월,남녀,전 연령,전 연령,전국,출생(명),33196,2697,8.84,7.63
2017,2월,남녀,전 연령,전 연령,전국,출생(명),30499,-4335,-12.44,7.76
2017,1월,남녀,전 연령,전 연령,전국,출생(명),34834,7444,27.18,8.01
2016,12월,남녀,전 연령,전 연령,전국,출생(명),27390,-2976,-9.8,6.32
2016,11월,남녀,전 연령,전 연령,전국,출생(명),30366,-1226,-3.88,7.24
2016,10월,남녀,전 연령,전 연령,전국,출생(명),31592,-2783,-8.1,7.29
2016,9월,남녀,전 연령,전 연령,전국,출생(명),34375,478,1.41,8.2
2016,8월,남녀,전 연령,전 연령,전국,출생(명),33897,-23,-0.07,7.83
2016,7월,남녀,전 연령,전 연령,전국,출생(명),33920,1071,3.26,7.83
2016,6월,남녀,전 연령,전 연령,전국,출생(명),32849,-1492,-4.34,7.84
2016,5월,남녀,전 연령,전 연령,전국,출생(명),34341,-806,-2.29,7.93
2016,4월,남녀,전 연령,전 연령,전국,출생(명),35147,-2984,-7.83,8.39
2016,3월,남녀,전 연령,전 연령,전국,출생(명),38131,3301,9.48,8.81
2016,2월,남녀,전 연령,전 연령,전국,출생(명),34830,-4575,-11.61,8.61
2016,1월,남녀,전 연령,전 연령,전국,출생(명),39405,7495,23.49,9.11
2015,12월,남녀,전 연령,전 연령,전국,출생(명),31910,-1557,-4.65,7.36
2015,11월,남녀,전 연령,전 연령,전국,출생(명),33467,-3235,-8.81,7.98
2015,10월,남녀,전 연령,전 연령,전국,출생(명),36702,258,0.71,8.47
2015,9월,남녀,전 연령,전 연령,전국,출생(명),36444,1237,3.51,8.7
2015,8월,남녀,전 연령,전 연령,전국,출생(명),35207,-1405,-3.84,8.13
2015,7월,남녀,전 연령,전 연령,전국,출생(명),36612,1092,3.07,8.46
2015,6월,남녀,전 연령,전 연령,전국,출생(명),35520,-1014,-2.78,8.48
2015,5월,남녀,전 연령,전 연령,전국,출생(명),36534,-1538,-4.04,8.45
2015,4월,남녀,전 연령,전 연령,전국,출생(명),38072,-2257,-5.6,9.1
2015,3월,남녀,전 연령,전 연령,전국,출생(명),40329,4620,12.94,9.33
2015,2월,남녀,전 연령,전 연령,전국,출생(명),35709,-6205,-14.8,9.15
2015,1월,남녀,전 연령,전 연령,전국,출생(명),41914,9223,28.21,9.7
2014,12월,남녀,전 연령,전 연령,전국,출생(명),32691,312,0.96,7.57
2014,11월,남녀,전 연령,전 연령,전국,출생(명),32379,-4071,-11.17,7.75
2014,10월,남녀,전 연령,전 연령,전국,출생(명),36450,-1429,-3.77,8.44
2014,9월,남녀,전 연령,전 연령,전국,출생(명),37879,1340,3.67,9.07
2014,8월,남녀,전 연령,전 연령,전국,출생(명),36539,149,0.41,8.47
2014,7월,남녀,전 연령,전 연령,전국,출생(명),36390,2219,6.49,8.44
2014,6월,남녀,전 연령,전 연령,전국,출생(명),34171,-1578,-4.41,8.19
2014,5월,남녀,전 연령,전 연령,전국,출생(명),35749,-1434,-3.86,8.3
2014,4월,남녀,전 연령,전 연령,전국,출생(명),37183,-838,-2.2,8.92
2014,3월,남녀,전 연령,전 연령,전국,출생(명),38021,1267,3.45,8.83
2014,2월,남녀,전 연령,전 연령,전국,출생(명),36754,-4475,-10.85,9.45
2014,1월,남녀,전 연령,전 연령,전국,출생(명),41229,9257,28.95,9.58
2013,12월,남녀,전 연령,전 연령,전국,출생(명),31972,-1855,-5.48,7.43
2013,11월,남녀,전 연령,전 연령,전국,출생(명),33827,-2228,-6.18,8.13
2013,10월,남녀,전 연령,전 연령,전국,출생(명),36055,-1008,-2.72,8.38
2013,9월,남녀,전 연령,전 연령,전국,출생(명),37063,663,1.82,8.91
2013,8월,남녀,전 연령,전 연령,전국,출생(명),36400,212,0.59,8.47
2013,7월,남녀,전 연령,전 연령,전국,출생(명),36188,3034,9.15,8.43
2013,6월,남녀,전 연령,전 연령,전국,출생(명),33154,-2472,-6.94,7.98
2013,5월,남녀,전 연령,전 연령,전국,출생(명),35626,-1112,-3.03,8.3
2013,4월,남녀,전 연령,전 연령,전국,출생(명),36738,-1802,-4.68,8.85
2013,3월,남녀,전 연령,전 연령,전국,출생(명),38540,1895,5.17,8.98
2013,2월,남녀,전 연령,전 연령,전국,출생(명),36645,-7602,-17.18,9.46
2013,1월,남녀,전 연령,전 연령,전국,출생(명),44247,9936,28.96,10.32
2012,12월,남녀,전 연령,전 연령,전국,출생(명),34311,-4268,-11.06,8.03
2012,11월,남녀,전 연령,전 연령,전국,출생(명),38579,-3310,-7.9,9.33
2012,10월,남녀,전 연령,전 연령,전국,출생(명),41889,154,0.37,9.81
2012,9월,남녀,전 연령,전 연령,전국,출생(명),41735,280,0.68,10.1
2012,8월,남녀,전 연령,전 연령,전국,출생(명),41455,1328,3.31,9.72
2012,7월,남녀,전 연령,전 연령,전국,출생(명),40127,1957,5.13,9.41
2012,6월,남녀,전 연령,전 연령,전국,출생(명),38170,-1218,-3.09,9.25
2012,5월,남녀,전 연령,전 연령,전국,출생(명),39388,-706,-1.76,9.24
2012,4월,남녀,전 연령,전 연령,전국,출생(명),40094,-3115,-7.21,9.73
2012,3월,남녀,전 연령,전 연령,전국,출생(명),43209,2600,6.4,10.15
2012,2월,남녀,전 연령,전 연령,전국,출생(명),40609,-4375,-9.73,10.2
2012,1월,남녀,전 연령,전 연령,전국,출생(명),44984,10994,32.34,10.57
2011,12월,남녀,전 연령,전 연령,전국,출생(명),33990,-3338,-8.94,7.97
2011,11월,남녀,전 연령,전 연령,전국,출생(명),37328,-1031,-2.69,9.05
2011,10월,남녀,전 연령,전 연령,전국,출생(명),38359,-604,-1.55,9
2011,9월,남녀,전 연령,전 연령,전국,출생(명),38963,-397,-1.01,9.45
2011,8월,남녀,전 연령,전 연령,전국,출생(명),39360,1192,3.12,9.24
2011,7월,남녀,전 연령,전 연령,전국,출생(명),38168,1402,3.81,8.97
2011,6월,남녀,전 연령,전 연령,전국,출생(명),36766,-2192,-5.63,8.93
2011,5월,남녀,전 연령,전 연령,전국,출생(명),38958,-1418,-3.51,9.16
2011,4월,남녀,전 연령,전 연령,전국,출생(명),40376,-2884,-6.67,9.81
2011,3월,남녀,전 연령,전 연령,전국,출생(명),43260,5100,13.36,10.18
2011,2월,남녀,전 연령,전 연령,전국,출생(명),38160,-9417,-19.79,9.94
2011,1월,남녀,전 연령,전 연령,전국,출생(명),47577,12060,33.96,11.2
2010,12월,남녀,전 연령,전 연령,전국,출생(명),35517,-5801,-14.04,8.37
2010,11월,남녀,전 연령,전 연령,전국,출생(명),41318,-2307,-5.29,10.06
2010,10월,남녀,전 연령,전 연령,전국,출생(명),43625,1331,3.15,10.28
2010,9월,남녀,전 연령,전 연령,전국,출생(명),42294,3902,10.16,10.29
2010,8월,남녀,전 연령,전 연령,전국,출생(명),38392,1286,3.47,9.05
2010,7월,남녀,전 연령,전 연령,전국,출생(명),37106,1078,2.99,8.75
2010,6월,남녀,전 연령,전 연령,전국,출생(명),36028,-977,-2.64,8.78
2010,5월,남녀,전 연령,전 연령,전국,출생(명),37005,-1331,-3.47,8.73
2010,4월,남녀,전 연령,전 연령,전국,출생(명),38336,-2639,-6.44,9.35
2010,3월,남녀,전 연령,전 연령,전국,출생(명),40975,4336,11.83,9.68
2010,2월,남녀,전 연령,전 연령,전국,출생(명),36639,-6297,-14.67,9.59
2010,1월,남녀,전 연령,전 연령,전국,출생(명),42936,,,10.15
2022,11월,남녀,전 연령,전 연령,전국,사망(명),30107,344,1.16,7.1
2022,10월,남녀,전 연령,전 연령,전국,사망(명),29763,564,1.93,6.8
2022,9월,남녀,전 연령,전 연령,전국,사망(명),29199,-802,-2.67,6.9
2022,8월,남녀,전 연령,전 연령,전국,사망(명),30001,3971,15.26,6.9
2022,7월,남녀,전 연령,전 연령,전국,사망(명),26030,1180,4.75,6
2022,6월,남녀,전 연령,전 연령,전국,사망(명),24850,-4009,-13.89,5.9
2022,5월,남녀,전 연령,전 연령,전국,사망(명),28859,-7838,-21.36,6.6
2022,4월,남녀,전 연령,전 연령,전국,사망(명),36697,-7790,-17.51,8.7
2022,3월,남녀,전 연령,전 연령,전국,사망(명),44487,15298,52.41,10.2
2022,2월,남녀,전 연령,전 연령,전국,사망(명),29189,-497,-1.67,7.4
2022,1월,남녀,전 연령,전 연령,전국,사망(명),29686,-1978,-6.25,6.8
2021,12월,남녀,전 연령,전 연령,전국,사망(명),31664,3298,11.63,7.3
2021,11월,남녀,전 연령,전 연령,전국,사망(명),28366,616,2.22,6.7
2021,10월,남녀,전 연령,전 연령,전국,사망(명),27750,2088,8.14,6.4
2021,9월,남녀,전 연령,전 연령,전국,사망(명),25662,-256,-0.99,6.1
2021,8월,남녀,전 연령,전 연령,전국,사망(명),25918,186,0.72,5.9
2021,7월,남녀,전 연령,전 연령,전국,사망(명),25732,1351,5.54,5.9
2021,6월,남녀,전 연령,전 연령,전국,사망(명),24381,-1186,-4.64,5.8
2021,5월,남녀,전 연령,전 연령,전국,사망(명),25567,496,1.98,5.9
2021,4월,남녀,전 연령,전 연령,전국,사망(명),25071,-1488,-5.6,5.9
2021,3월,남녀,전 연령,전 연령,전국,사망(명),26559,2772,11.65,6.1
2021,2월,남녀,전 연령,전 연령,전국,사망(명),23787,-3436,-12.62,6
2021,1월,남녀,전 연령,전 연령,전국,사망(명),27223,357,1.33,6.2
2020,12월,남녀,전 연령,전 연령,전국,사망(명),26866,1263,4.93,6.2
2020,11월,남녀,전 연령,전 연령,전국,사망(명),25603,-885,-3.34,6.1
2020,10월,남녀,전 연령,전 연령,전국,사망(명),26488,2136,8.77,6.1
2020,9월,남녀,전 연령,전 연령,전국,사망(명),24352,-937,-3.71,5.8
2020,8월,남녀,전 연령,전 연령,전국,사망(명),25289,1300,5.42,5.8
2020,7월,남녀,전 연령,전 연령,전국,사망(명),23989,351,1.48,5.5
2020,6월,남녀,전 연령,전 연령,전국,사망(명),23638,-708,-2.91,5.6
2020,5월,남녀,전 연령,전 연령,전국,사망(명),24346,-328,-1.33,5.6
2020,4월,남녀,전 연령,전 연령,전국,사망(명),24674,-1176,-4.55,5.9
2020,3월,남녀,전 연령,전 연령,전국,사망(명),25850,427,1.68,5.9
2020,2월,남녀,전 연령,전 연령,전국,사망(명),25423,-3007,-10.58,6.2
2020,1월,남녀,전 연령,전 연령,전국,사망(명),28430,1708,6.39,6.5
2019,12월,남녀,전 연령,전 연령,전국,사망(명),26722,1310,5.16,6.1
2019,11월,남녀,전 연령,전 연령,전국,사망(명),25412,-157,-0.61,6
2019,10월,남녀,전 연령,전 연령,전국,사망(명),25569,1999,8.48,5.9
2019,9월,남녀,전 연령,전 연령,전국,사망(명),23570,-137,-0.58,5.6
2019,8월,남녀,전 연령,전 연령,전국,사망(명),23707,491,2.11,5.4
2019,7월,남녀,전 연령,전 연령,전국,사망(명),23216,160,0.69,5.3
2019,6월,남녀,전 연령,전 연령,전국,사망(명),23056,-1700,-6.87,5.5
2019,5월,남녀,전 연령,전 연령,전국,사망(명),24756,923,3.87,5.7
2019,4월,남녀,전 연령,전 연령,전국,사망(명),23833,-1152,-4.61,5.6
2019,3월,남녀,전 연령,전 연령,전국,사망(명),24985,2067,9.02,5.7
2019,2월,남녀,전 연령,전 연령,전국,사망(명),22918,-4448,-16.25,5.8
2019,1월,남녀,전 연령,전 연령,전국,사망(명),27366,843,3.18,6.3
2018,12월,남녀,전 연령,전 연령,전국,사망(명),26523,2323,9.6,6.1
2018,11월,남녀,전 연령,전 연령,전국,사망(명),24200,-810,-3.24,5.7
2018,10월,남녀,전 연령,전 연령,전국,사망(명),25010,2104,9.19,5.7
2018,9월,남녀,전 연령,전 연령,전국,사망(명),22906,-1031,-4.31,5.4
2018,8월,남녀,전 연령,전 연령,전국,사망(명),23937,51,0.21,5.5
2018,7월,남녀,전 연령,전 연령,전국,사망(명),23886,1290,5.71,5.5
2018,6월,남녀,전 연령,전 연령,전국,사망(명),22596,-1400,-5.83,5.4
2018,5월,남녀,전 연령,전 연령,전국,사망(명),23996,33,0.14,5.5
2018,4월,남녀,전 연령,전 연령,전국,사망(명),23963,-1289,-5.1,5.7
2018,3월,남녀,전 연령,전 연령,전국,사망(명),25252,251,1,5.8
2018,2월,남녀,전 연령,전 연령,전국,사망(명),25001,-6549,-20.76,6.4
2018,1월,남녀,전 연령,전 연령,전국,사망(명),31550,4667,17.36,7.2
2017,12월,남녀,전 연령,전 연령,전국,사망(명),26883,2479,10.16,6.2
2017,11월,남녀,전 연령,전 연령,전국,사망(명),24404,-220,-0.89,5.8
2017,10월,남녀,전 연령,전 연령,전국,사망(명),24624,2002,8.85,5.7
2017,9월,남녀,전 연령,전 연령,전국,사망(명),22622,-224,-0.98,5.4
2017,8월,남녀,전 연령,전 연령,전국,사망(명),22846,601,2.7,5.2
2017,7월,남녀,전 연령,전 연령,전국,사망(명),22245,259,1.18,5.1
2017,6월,남녀,전 연령,전 연령,전국,사망(명),21986,-1780,-7.49,5.2
2017,5월,남녀,전 연령,전 연령,전국,사망(명),23766,624,2.7,5.5
2017,4월,남녀,전 연령,전 연령,전국,사망(명),23142,-1088,-4.49,5.5
2017,3월,남녀,전 연령,전 연령,전국,사망(명),24230,1346,5.88,5.6
2017,2월,남녀,전 연령,전 연령,전국,사망(명),22884,-3018,-11.65,5.8
2017,1월,남녀,전 연령,전 연령,전국,사망(명),25902,578,2.28,6
2016,12월,남녀,전 연령,전 연령,전국,사망(명),25324,1991,8.53,5.8
2016,11월,남녀,전 연령,전 연령,전국,사망(명),23333,-277,-1.17,5.6
2016,10월,남녀,전 연령,전 연령,전국,사망(명),23610,1529,6.92,5.4
2016,9월,남녀,전 연령,전 연령,전국,사망(명),22081,-523,-2.31,5.3
2016,8월,남녀,전 연령,전 연령,전국,사망(명),22604,551,2.5,5.2
2016,7월,남녀,전 연령,전 연령,전국,사망(명),22053,703,3.29,5.1
2016,6월,남녀,전 연령,전 연령,전국,사망(명),21350,-1775,-7.68,5.1
2016,5월,남녀,전 연령,전 연령,전국,사망(명),23125,295,1.29,5.3
2016,4월,남녀,전 연령,전 연령,전국,사망(명),22830,-2378,-9.43,5.5
2016,3월,남녀,전 연령,전 연령,전국,사망(명),25208,607,2.47,5.8
2016,2월,남녀,전 연령,전 연령,전국,사망(명),24601,-107,-0.43,6.1
2016,1월,남녀,전 연령,전 연령,전국,사망(명),24708,1298,5.54,5.7
2015,12월,남녀,전 연령,전 연령,전국,사망(명),23410,732,3.23,5.4
2015,11월,남녀,전 연령,전 연령,전국,사망(명),22678,-372,-1.61,5.4
2015,10월,남녀,전 연령,전 연령,전국,사망(명),23050,1675,7.84,5.3
2015,9월,남녀,전 연령,전 연령,전국,사망(명),21375,-121,-0.56,5.1
2015,8월,남녀,전 연령,전 연령,전국,사망(명),21496,-38,-0.18,5
2015,7월,남녀,전 연령,전 연령,전국,사망(명),21534,189,0.89,5
2015,6월,남녀,전 연령,전 연령,전국,사망(명),21345,-1590,-6.93,5.1
2015,5월,남녀,전 연령,전 연령,전국,사망(명),22935,-675,-2.86,5.3
2015,4월,남녀,전 연령,전 연령,전국,사망(명),23610,-2883,-10.88,5.6
2015,3월,남녀,전 연령,전 연령,전국,사망(명),26493,3284,14.15,6.1
2015,2월,남녀,전 연령,전 연령,전국,사망(명),23209,-1551,-6.26,5.9
2015,1월,남녀,전 연령,전 연령,전국,사망(명),24760,504,2.08,5.7
2014,12월,남녀,전 연령,전 연령,전국,사망(명),24256,1765,7.85,5.6
2014,11월,남녀,전 연령,전 연령,전국,사망(명),22491,-121,-0.54,5.4
2014,10월,남녀,전 연령,전 연령,전국,사망(명),22612,1459,6.9,5.2
2014,9월,남녀,전 연령,전 연령,전국,사망(명),21153,179,0.85,5.1
2014,8월,남녀,전 연령,전 연령,전국,사망(명),20974,120,0.58,4.9
2014,7월,남녀,전 연령,전 연령,전국,사망(명),20854,260,1.26,4.8
2014,6월,남녀,전 연령,전 연령,전국,사망(명),20594,-1590,-7.17,4.9
2014,5월,남녀,전 연령,전 연령,전국,사망(명),22184,363,1.66,5.1
2014,4월,남녀,전 연령,전 연령,전국,사망(명),21821,-2410,-9.95,5.2
2014,3월,남녀,전 연령,전 연령,전국,사망(명),24231,1096,4.74,5.6
2014,2월,남녀,전 연령,전 연령,전국,사망(명),23135,-252,-1.08,5.9
2014,1월,남녀,전 연령,전 연령,전국,사망(명),23387,127,0.55,5.4
2013,12월,남녀,전 연령,전 연령,전국,사망(명),23260,458,2.01,5.4
2013,11월,남녀,전 연령,전 연령,전국,사망(명),22802,84,0.37,5.5
2013,10월,남녀,전 연령,전 연령,전국,사망(명),22718,1567,7.41,5.3
2013,9월,남녀,전 연령,전 연령,전국,사망(명),21151,-101,-0.48,5.1
2013,8월,남녀,전 연령,전 연령,전국,사망(명),21252,733,3.57,4.9
2013,7월,남녀,전 연령,전 연령,전국,사망(명),20519,223,1.1,4.8
2013,6월,남녀,전 연령,전 연령,전국,사망(명),20296,-1650,-7.52,4.9
2013,5월,남녀,전 연령,전 연령,전국,사망(명),21946,-313,-1.41,5.1
2013,4월,남녀,전 연령,전 연령,전국,사망(명),22259,-1962,-8.1,5.4
2013,3월,남녀,전 연령,전 연령,전국,사망(명),24221,2318,10.58,5.6
2013,2월,남녀,전 연령,전 연령,전국,사망(명),21903,-2027,-8.47,5.7
2013,1월,남녀,전 연령,전 연령,전국,사망(명),23930,696,3,5.6
2012,12월,남녀,전 연령,전 연령,전국,사망(명),23234,1219,5.54,5.4
2012,11월,남녀,전 연령,전 연령,전국,사망(명),22015,-894,-3.9,5.3
2012,10월,남녀,전 연령,전 연령,전국,사망(명),22909,2545,12.5,5.4
2012,9월,남녀,전 연령,전 연령,전국,사망(명),20364,-814,-3.84,4.9
2012,8월,남녀,전 연령,전 연령,전국,사망(명),21178,732,3.58,5
2012,7월,남녀,전 연령,전 연령,전국,사망(명),20446,173,0.85,4.8
2012,6월,남녀,전 연령,전 연령,전국,사망(명),20273,-1367,-6.32,4.9
2012,5월,남녀,전 연령,전 연령,전국,사망(명),21640,-485,-2.19,5.1
2012,4월,남녀,전 연령,전 연령,전국,사망(명),22125,-1930,-8.02,5.4
2012,3월,남녀,전 연령,전 연령,전국,사망(명),24055,-930,-3.72,5.6
2012,2월,남녀,전 연령,전 연령,전국,사망(명),24985,988,4.12,6.3
2012,1월,남녀,전 연령,전 연령,전국,사망(명),23997,1395,6.17,5.6
2011,12월,남녀,전 연령,전 연령,전국,사망(명),22602,1250,5.85,5.3
2011,11월,남녀,전 연령,전 연령,전국,사망(명),21352,-518,-2.37,5.2
2011,10월,남녀,전 연령,전 연령,전국,사망(명),21870,1613,7.96,5.1
2011,9월,남녀,전 연령,전 연령,전국,사망(명),20257,-565,-2.71,4.9
2011,8월,남녀,전 연령,전 연령,전국,사망(명),20822,600,2.97,4.9
2011,7월,남녀,전 연령,전 연령,전국,사망(명),20222,-371,-1.8,4.8
2011,6월,남녀,전 연령,전 연령,전국,사망(명),20593,-1074,-4.96,5
2011,5월,남녀,전 연령,전 연령,전국,사망(명),21667,421,1.98,5.1
2011,4월,남녀,전 연령,전 연령,전국,사망(명),21246,-978,-4.4,5.2
2011,3월,남녀,전 연령,전 연령,전국,사망(명),22224,1355,6.49,5.2
2011,2월,남녀,전 연령,전 연령,전국,사망(명),20869,-2803,-11.84,5.4
2011,1월,남녀,전 연령,전 연령,전국,사망(명),23672,665,2.89,5.6
2010,12월,남녀,전 연령,전 연령,전국,사망(명),23007,961,4.36,5.4
2010,11월,남녀,전 연령,전 연령,전국,사망(명),22046,-846,-3.7,5.4
2010,10월,남녀,전 연령,전 연령,전국,사망(명),22892,2407,11.75,5.4
2010,9월,남녀,전 연령,전 연령,전국,사망(명),20485,9,0.04,5
2010,8월,남녀,전 연령,전 연령,전국,사망(명),20476,-143,-0.69,4.8
2010,7월,남녀,전 연령,전 연령,전국,사망(명),20619,153,0.75,4.9
2010,6월,남녀,전 연령,전 연령,전국,사망(명),20466,-1017,-4.73,5
2010,5월,남녀,전 연령,전 연령,전국,사망(명),21483,505,2.41,5.1
2010,4월,남녀,전 연령,전 연령,전국,사망(명),20978,-575,-2.67,5.1
2010,3월,남녀,전 연령,전 연령,전국,사망(명),21553,2186,11.29,5.1
2010,2월,남녀,전 연령,전 연령,전국,사망(명),19367,-2666,-12.1,5.1
2010,1월,남녀,전 연령,전 연령,전국,사망(명),22033,,,5.2
2022,11월,남녀,전 연령,전 연령,전국,결혼(건),17458,1626,10.27,4.1
2022,10월,남녀,전 연령,전 연령,전국,결혼(건),15832,1084,7.35,3.6
2022,9월,남녀,전 연령,전 연령,전국,결혼(건),14748,-970,-6.17,3.5
2022,8월,남녀,전 연령,전 연령,전국,결혼(건),15718,771,5.16,3.6
2022,7월,남녀,전 연령,전 연령,전국,결혼(건),14947,49,0.33,3.4
2022,6월,남녀,전 연령,전 연령,전국,결혼(건),14898,-2143,-12.58,3.5
2022,5월,남녀,전 연령,전 연령,전국,결혼(건),17041,1246,7.89,3.9
2022,4월,남녀,전 연령,전 연령,전국,결혼(건),15795,479,3.13,3.7
2022,3월,남녀,전 연령,전 연령,전국,결혼(건),15316,8,0.05,3.5
2022,2월,남녀,전 연령,전 연령,전국,결혼(건),15308,555,3.76,3.9
2022,1월,남녀,전 연령,전 연령,전국,결혼(건),14753,-5008,-25.34,3.4
2021,12월,남녀,전 연령,전 연령,전국,결혼(건),19761,2673,15.64,4.5
2021,11월,남녀,전 연령,전 연령,전국,결혼(건),17088,1885,12.4,4
2021,10월,남녀,전 연령,전 연령,전국,결혼(건),15203,1470,10.7,3.5
2021,9월,남녀,전 연령,전 연령,전국,결혼(건),13733,-987,-6.71,3.3
2021,8월,남녀,전 연령,전 연령,전국,결혼(건),14720,-1019,-6.47,3.4
2021,7월,남녀,전 연령,전 연령,전국,결혼(건),15739,-496,-3.06,3.6
2021,6월,남녀,전 연령,전 연령,전국,결혼(건),16235,82,0.51,3.8
2021,5월,남녀,전 연령,전 연령,전국,결혼(건),16153,292,1.84,3.7
2021,4월,남녀,전 연령,전 연령,전국,결혼(건),15861,-901,-5.38,3.8
2021,3월,남녀,전 연령,전 연령,전국,결혼(건),16762,1790,11.96,3.8
2021,2월,남녀,전 연령,전 연령,전국,결혼(건),14972,-1308,-8.03,3.8
2021,1월,남녀,전 연령,전 연령,전국,결혼(건),16280,-5859,-26.46,3.7
2020,12월,남녀,전 연령,전 연령,전국,결혼(건),22139,3962,21.8,5.1
2020,11월,남녀,전 연령,전 연령,전국,결혼(건),18177,1704,10.34,4.3
2020,10월,남녀,전 연령,전 연령,전국,결혼(건),16473,1149,7.5,3.8
2020,9월,남녀,전 연령,전 연령,전국,결혼(건),15324,292,1.94,3.6
2020,8월,남녀,전 연령,전 연령,전국,결혼(건),15032,-2048,-11.99,3.5
2020,7월,남녀,전 연령,전 연령,전국,결혼(건),17080,-104,-0.61,3.9
2020,6월,남녀,전 연령,전 연령,전국,결혼(건),17184,-960,-5.29,4.1
2020,5월,남녀,전 연령,전 연령,전국,결혼(건),18144,2475,15.8,4.2
2020,4월,남녀,전 연령,전 연령,전국,결혼(건),15669,-3689,-19.06,3.7
2020,3월,남녀,전 연령,전 연령,전국,결혼(건),19358,255,1.33,4.5
2020,2월,남녀,전 연령,전 연령,전국,결혼(건),19103,-716,-3.61,4.7
2020,1월,남녀,전 연령,전 연령,전국,결혼(건),19819,-5126,-20.55,4.6
2019,12월,남녀,전 연령,전 연령,전국,결혼(건),24945,4457,21.75,5.7
2019,11월,남녀,전 연령,전 연령,전국,결혼(건),20488,161,0.79,4.9
2019,10월,남녀,전 연령,전 연령,전국,결혼(건),20327,4529,28.67,4.7
2019,9월,남녀,전 연령,전 연령,전국,결혼(건),15798,-2538,-13.84,3.7
2019,8월,남녀,전 연령,전 연령,전국,결혼(건),18336,-842,-4.39,4.2
2019,7월,남녀,전 연령,전 연령,전국,결혼(건),19178,1236,6.89,4.4
2019,6월,남녀,전 연령,전 연령,전국,결혼(건),17942,-5103,-22.14,4.3
2019,5월,남녀,전 연령,전 연령,전국,결혼(건),23045,3019,15.08,5.3
2019,4월,남녀,전 연령,전 연령,전국,결혼(건),20026,477,2.44,4.7
2019,3월,남녀,전 연령,전 연령,전국,결혼(건),19549,1350,7.42,4.5
2019,2월,남녀,전 연령,전 연령,전국,결혼(건),18199,-3127,-14.66,4.6
2019,1월,남녀,전 연령,전 연령,전국,결혼(건),21326,-5492,-20.48,4.9
2018,12월,남녀,전 연령,전 연령,전국,결혼(건),26818,4017,17.62,6.2
2018,11월,남녀,전 연령,전 연령,전국,결혼(건),22801,945,4.32,5.4
2018,10월,남녀,전 연령,전 연령,전국,결혼(건),21856,7512,52.37,5
2018,9월,남녀,전 연령,전 연령,전국,결혼(건),14344,-5001,-25.85,3.4
2018,8월,남녀,전 연령,전 연령,전국,결혼(건),19345,-746,-3.71,4.4
2018,7월,남녀,전 연령,전 연령,전국,결혼(건),20091,-519,-2.52,4.6
2018,6월,남녀,전 연령,전 연령,전국,결혼(건),20610,-4386,-17.55,4.9
2018,5월,남녀,전 연령,전 연령,전국,결혼(건),24996,4386,21.28,5.7
2018,4월,남녀,전 연령,전 연령,전국,결혼(건),20610,-2163,-9.5,4.9
2018,3월,남녀,전 연령,전 연령,전국,결혼(건),22773,3765,19.81,5.2
2018,2월,남녀,전 연령,전 연령,전국,결혼(건),19008,-5362,-22,4.8
2018,1월,남녀,전 연령,전 연령,전국,결혼(건),24370,-3215,-11.65,5.6
2017,12월,남녀,전 연령,전 연령,전국,결혼(건),27585,2956,12,6.3
2017,11월,남녀,전 연령,전 연령,전국,결혼(건),24629,7281,41.97,5.8
2017,10월,남녀,전 연령,전 연령,전국,결혼(건),17348,-585,-3.26,4
2017,9월,남녀,전 연령,전 연령,전국,결혼(건),17933,-2135,-10.64,4.3
2017,8월,남녀,전 연령,전 연령,전국,결혼(건),20068,1104,5.82,4.6
2017,7월,남녀,전 연령,전 연령,전국,결혼(건),18964,-3328,-14.93,4.4
2017,6월,남녀,전 연령,전 연령,전국,결혼(건),22292,-4632,-17.2,5.3
2017,5월,남녀,전 연령,전 연령,전국,결혼(건),26924,6848,34.11,6.2
2017,4월,남녀,전 연령,전 연령,전국,결혼(건),20076,-3214,-13.8,4.8
2017,3월,남녀,전 연령,전 연령,전국,결혼(건),23290,1789,8.32,5.4
2017,2월,남녀,전 연령,전 연령,전국,결혼(건),21501,-2344,-9.83,5.5
2017,1월,남녀,전 연령,전 연령,전국,결혼(건),23845,-4568,-16.08,5.5
2016,12월,남녀,전 연령,전 연령,전국,결혼(건),28413,3028,11.93,6.6
2016,11월,남녀,전 연령,전 연령,전국,결혼(건),25385,3434,15.64,6.1
2016,10월,남녀,전 연령,전 연령,전국,결혼(건),21951,4188,23.58,5.1
2016,9월,남녀,전 연령,전 연령,전국,결혼(건),17763,-5254,-22.83,4.2
2016,8월,남녀,전 연령,전 연령,전국,결혼(건),23017,1863,8.81,5.3
2016,7월,남녀,전 연령,전 연령,전국,결혼(건),21154,-3131,-12.89,4.9
2016,6월,남녀,전 연령,전 연령,전국,결혼(건),24285,-1204,-4.72,5.8
2016,5월,남녀,전 연령,전 연령,전국,결혼(건),25489,2645,11.58,5.9
2016,4월,남녀,전 연령,전 연령,전국,결혼(건),22844,-2147,-8.59,5.5
2016,3월,남녀,전 연령,전 연령,전국,결혼(건),24991,2517,11.2,5.8
2016,2월,남녀,전 연령,전 연령,전국,결혼(건),22474,-1395,-5.84,5.6
2016,1월,남녀,전 연령,전 연령,전국,결혼(건),23869,-9425,-28.31,5.5
2015,12월,남녀,전 연령,전 연령,전국,결혼(건),33294,7247,27.82,7.7
2015,11월,남녀,전 연령,전 연령,전국,결혼(건),26047,2810,12.09,6.2
2015,10월,남녀,전 연령,전 연령,전국,결혼(건),23237,4236,22.29,5.4
2015,9월,남녀,전 연령,전 연령,전국,결혼(건),19001,-2820,-12.92,4.5
2015,8월,남녀,전 연령,전 연령,전국,결혼(건),21821,-1750,-7.42,5
2015,7월,남녀,전 연령,전 연령,전국,결혼(건),23571,-3166,-11.84,5.4
2015,6월,남녀,전 연령,전 연령,전국,결혼(건),26737,-1209,-4.33,6.4
2015,5월,남녀,전 연령,전 연령,전국,결혼(건),27946,3277,13.28,6.5
2015,4월,남녀,전 연령,전 연령,전국,결혼(건),24669,-2528,-9.3,5.9
2015,3월,남녀,전 연령,전 연령,전국,결혼(건),27197,6285,30.05,6.3
2015,2월,남녀,전 연령,전 연령,전국,결혼(건),20912,-7484,-26.36,5.4
2015,1월,남녀,전 연령,전 연령,전국,결혼(건),28396,-5879,-17.15,6.6
2014,12월,남녀,전 연령,전 연령,전국,결혼(건),34275,10673,45.22,7.9
2014,11월,남녀,전 연령,전 연령,전국,결혼(건),23602,-3516,-12.97,5.6
2014,10월,남녀,전 연령,전 연령,전국,결혼(건),27118,7792,40.32,6.3
2014,9월,남녀,전 연령,전 연령,전국,결혼(건),19326,-2968,-13.31,4.6
2014,8월,남녀,전 연령,전 연령,전국,결혼(건),22294,-2673,-10.71,5.2
2014,7월,남녀,전 연령,전 연령,전국,결혼(건),24967,178,0.72,5.8
2014,6월,남녀,전 연령,전 연령,전국,결혼(건),24789,-3535,-12.48,5.9
2014,5월,남녀,전 연령,전 연령,전국,결혼(건),28324,4483,18.8,6.6
2014,4월,남녀,전 연령,전 연령,전국,결혼(건),23841,-1147,-4.59,5.7
2014,3월,남녀,전 연령,전 연령,전국,결혼(건),24988,-55,-0.22,5.8
2014,2월,남녀,전 연령,전 연령,전국,결혼(건),25043,-1897,-7.04,6.4
2014,1월,남녀,전 연령,전 연령,전국,결혼(건),26940,-10345,-27.75,6.3
2013,12월,남녀,전 연령,전 연령,전국,결혼(건),37285,8859,31.17,8.7
2013,11월,남녀,전 연령,전 연령,전국,결혼(건),28426,1345,4.97,6.8
2013,10월,남녀,전 연령,전 연령,전국,결혼(건),27081,7845,40.78,6.3
2013,9월,남녀,전 연령,전 연령,전국,결혼(건),19236,-6410,-24.99,4.6
2013,8월,남녀,전 연령,전 연령,전국,결혼(건),25646,-1610,-5.91,6
2013,7월,남녀,전 연령,전 연령,전국,결혼(건),27256,1041,3.97,6.3
2013,6월,남녀,전 연령,전 연령,전국,결혼(건),26215,-4621,-14.99,6.3
2013,5월,남녀,전 연령,전 연령,전국,결혼(건),30836,6455,26.48,7.2
2013,4월,남녀,전 연령,전 연령,전국,결혼(건),24381,807,3.42,5.9
2013,3월,남녀,전 연령,전 연령,전국,결혼(건),23574,-486,-2.02,5.5
2013,2월,남녀,전 연령,전 연령,전국,결혼(건),24060,-4751,-16.49,6.2
2013,1월,남녀,전 연령,전 연령,전국,결혼(건),28811,-8519,-22.82,6.7
2012,12월,남녀,전 연령,전 연령,전국,결혼(건),37330,6831,22.4,8.7
2012,11월,남녀,전 연령,전 연령,전국,결혼(건),30499,3379,12.46,7.4
2012,10월,남녀,전 연령,전 연령,전국,결혼(건),27120,8146,42.93,6.4
2012,9월,남녀,전 연령,전 연령,전국,결혼(건),18974,-5384,-22.1,4.6
2012,8월,남녀,전 연령,전 연령,전국,결혼(건),24358,-59,-0.24,5.7
2012,7월,남녀,전 연령,전 연령,전국,결혼(건),24417,-1592,-6.12,5.7
2012,6월,남녀,전 연령,전 연령,전국,결혼(건),26009,-1623,-5.87,6.3
2012,5월,남녀,전 연령,전 연령,전국,결혼(건),27632,-160,-0.58,6.5
2012,4월,남녀,전 연령,전 연령,전국,결혼(건),27792,-342,-1.22,6.7
2012,3월,남녀,전 연령,전 연령,전국,결혼(건),28134,2523,9.85,6.6
2012,2월,남녀,전 연령,전 연령,전국,결혼(건),25611,-3586,-12.28,6.4
2012,1월,남녀,전 연령,전 연령,전국,결혼(건),29197,-9359,-24.27,6.9
2011,12월,남녀,전 연령,전 연령,전국,결혼(건),38556,7088,22.52,9
2011,11월,남녀,전 연령,전 연령,전국,결혼(건),31468,5576,21.54,7.6
2011,10월,남녀,전 연령,전 연령,전국,결혼(건),25892,4822,22.89,6.1
2011,9월,남녀,전 연령,전 연령,전국,결혼(건),21070,-5815,-21.63,5.1
2011,8월,남녀,전 연령,전 연령,전국,결혼(건),26885,3410,14.53,6.3
2011,7월,남녀,전 연령,전 연령,전국,결혼(건),23475,-4407,-15.81,5.5
2011,6월,남녀,전 연령,전 연령,전국,결혼(건),27882,-2202,-7.32,6.8
2011,5월,남녀,전 연령,전 연령,전국,결혼(건),30084,4402,17.14,7.1
2011,4월,남녀,전 연령,전 연령,전국,결혼(건),25682,-2019,-7.29,6.2
2011,3월,남녀,전 연령,전 연령,전국,결혼(건),27701,4095,17.35,6.5
2011,2월,남녀,전 연령,전 연령,전국,결혼(건),23606,-3180,-11.87,6.2
2011,1월,남녀,전 연령,전 연령,전국,결혼(건),26786,-10963,-29.04,6.3
2010,12월,남녀,전 연령,전 연령,전국,결혼(건),37749,7560,25.04,8.9
2010,11월,남녀,전 연령,전 연령,전국,결혼(건),30189,5965,24.62,7.4
2010,10월,남녀,전 연령,전 연령,전국,결혼(건),24224,3045,14.38,5.7
2010,9월,남녀,전 연령,전 연령,전국,결혼(건),21179,-4978,-19.03,5.2
2010,8월,남녀,전 연령,전 연령,전국,결혼(건),26157,1514,6.14,6.2
2010,7월,남녀,전 연령,전 연령,전국,결혼(건),24643,-3727,-13.14,5.8
2010,6월,남녀,전 연령,전 연령,전국,결혼(건),28370,29,0.1,6.9
2010,5월,남녀,전 연령,전 연령,전국,결혼(건),28341,1146,4.21,6.7
2010,4월,남녀,전 연령,전 연령,전국,결혼(건),27195,-319,-1.16,6.6
2010,3월,남녀,전 연령,전 연령,전국,결혼(건),27514,3296,13.61,6.5
2010,2월,남녀,전 연령,전 연령,전국,결혼(건),24218,-2107,-8,6.3
2010,1월,남녀,전 연령,전 연령,전국,결혼(건),26325,,,6.2
2022,11월,남녀,전 연령,전 연령,전국,이혼(건),8498,1032,13.82,2
2022,10월,남녀,전 연령,전 연령,전국,이혼(건),7466,-698,-8.55,1.7
2022,9월,남녀,전 연령,전 연령,전국,이혼(건),8164,-63,-0.77,1.9
2022,8월,남녀,전 연령,전 연령,전국,이혼(건),8227,692,9.18,1.9
2022,7월,남녀,전 연령,전 연령,전국,이혼(건),7535,-51,-0.67,1.7
2022,6월,남녀,전 연령,전 연령,전국,이혼(건),7586,-786,-9.39,1.8
2022,5월,남녀,전 연령,전 연령,전국,이혼(건),8372,1174,16.31,1.9
2022,4월,남녀,전 연령,전 연령,전국,이혼(건),7198,-684,-8.68,1.7
2022,3월,남녀,전 연령,전 연령,전국,이혼(건),7882,746,10.45,1.8
2022,2월,남녀,전 연령,전 연령,전국,이혼(건),7136,-223,-3.03,1.8
2022,1월,남녀,전 연령,전 연령,전국,이혼(건),7359,-1366,-15.66,1.7
2021,12월,남녀,전 연령,전 연령,전국,이혼(건),8725,-45,-0.51,2
2021,11월,남녀,전 연령,전 연령,전국,이혼(건),8770,1066,13.84,2.1
2021,10월,남녀,전 연령,전 연령,전국,이혼(건),7704,-661,-7.9,1.8
2021,9월,남녀,전 연령,전 연령,전국,이혼(건),8365,-11,-0.13,2
2021,8월,남녀,전 연령,전 연령,전국,이혼(건),8376,70,0.84,1.9
2021,7월,남녀,전 연령,전 연령,전국,이혼(건),8306,-435,-4.98,1.9
2021,6월,남녀,전 연령,전 연령,전국,이혼(건),8741,296,3.51,2.1
2021,5월,남녀,전 연령,전 연령,전국,이혼(건),8445,-594,-6.57,1.9
2021,4월,남녀,전 연령,전 연령,전국,이혼(건),9039,-35,-0.39,2.1
2021,3월,남녀,전 연령,전 연령,전국,이혼(건),9074,1317,16.98,2.1
2021,2월,남녀,전 연령,전 연령,전국,이혼(건),7757,-614,-7.33,2
2021,1월,남녀,전 연령,전 연령,전국,이혼(건),8371,-810,-8.82,1.9
2020,12월,남녀,전 연령,전 연령,전국,이혼(건),9181,305,3.44,2.1
2020,11월,남녀,전 연령,전 연령,전국,이혼(건),8876,-471,-5.04,2.1
2020,10월,남녀,전 연령,전 연령,전국,이혼(건),9347,-189,-1.98,2.1
2020,9월,남녀,전 연령,전 연령,전국,이혼(건),9536,1081,12.79,2.3
2020,8월,남녀,전 연령,전 연령,전국,이혼(건),8455,-1333,-13.62,1.9
2020,7월,남녀,전 연령,전 연령,전국,이혼(건),9788,1013,11.54,2.3
2020,6월,남녀,전 연령,전 연령,전국,이혼(건),8775,-152,-1.7,2.1
2020,5월,남녀,전 연령,전 연령,전국,이혼(건),8927,-330,-3.56,2.1
2020,4월,남녀,전 연령,전 연령,전국,이혼(건),9257,1961,26.88,2.2
2020,3월,남녀,전 연령,전 연령,전국,이혼(건),7296,-936,-11.37,1.7
2020,2월,남녀,전 연령,전 연령,전국,이혼(건),8232,-598,-6.77,2
2020,1월,남녀,전 연령,전 연령,전국,이혼(건),8830,-339,-3.7,2
2019,12월,남녀,전 연령,전 연령,전국,이혼(건),9169,-30,-0.33,2.1
2019,11월,남녀,전 연령,전 연령,전국,이혼(건),9199,-660,-6.69,2.2
2019,10월,남녀,전 연령,전 연령,전국,이혼(건),9859,849,9.42,2.3
2019,9월,남녀,전 연령,전 연령,전국,이혼(건),9010,-44,-0.49,2.1
2019,8월,남녀,전 연령,전 연령,전국,이혼(건),9054,-443,-4.66,2.1
2019,7월,남녀,전 연령,전 연령,전국,이혼(건),9497,817,9.41,2.2
2019,6월,남녀,전 연령,전 연령,전국,이혼(건),8680,-1181,-11.98,2.1
2019,5월,남녀,전 연령,전 연령,전국,이혼(건),9861,325,3.41,2.3
2019,4월,남녀,전 연령,전 연령,전국,이혼(건),9536,465,5.13,2.3
2019,3월,남녀,전 연령,전 연령,전국,이혼(건),9071,867,10.57,2.1
2019,2월,남녀,전 연령,전 연령,전국,이혼(건),8204,-1487,-15.34,2.1
2019,1월,남녀,전 연령,전 연령,전국,이혼(건),9691,775,8.69,2.2
2018,12월,남녀,전 연령,전 연령,전국,이혼(건),8916,-1171,-11.61,2
2018,11월,남녀,전 연령,전 연령,전국,이혼(건),10087,-461,-4.37,2.4
2018,10월,남녀,전 연령,전 연령,전국,이혼(건),10548,2722,34.78,2.4
2018,9월,남녀,전 연령,전 연령,전국,이혼(건),7826,-1467,-15.79,1.9
2018,8월,남녀,전 연령,전 연령,전국,이혼(건),9293,-34,-0.36,2.1
2018,7월,남녀,전 연령,전 연령,전국,이혼(건),9327,732,8.52,2.1
2018,6월,남녀,전 연령,전 연령,전국,이혼(건),8595,-1111,-11.45,2
2018,5월,남녀,전 연령,전 연령,전국,이혼(건),9706,1021,11.76,2.2
2018,4월,남녀,전 연령,전 연령,전국,이혼(건),8685,-432,-4.74,2.1
2018,3월,남녀,전 연령,전 연령,전국,이혼(건),9117,1393,18.03,2.1
2018,2월,남녀,전 연령,전 연령,전국,이혼(건),7724,-1136,-12.82,2
2018,1월,남녀,전 연령,전 연령,전국,이혼(건),8860,26,0.29,2
2017,12월,남녀,전 연령,전 연령,전국,이혼(건),8834,-305,-3.34,2
2017,11월,남녀,전 연령,전 연령,전국,이혼(건),9139,788,9.44,2.2
2017,10월,남녀,전 연령,전 연령,전국,이혼(건),8351,-1049,-11.16,1.9
2017,9월,남녀,전 연령,전 연령,전국,이혼(건),9400,-82,-0.86,2.2
2017,8월,남녀,전 연령,전 연령,전국,이혼(건),9482,1288,15.72,2.2
2017,7월,남녀,전 연령,전 연령,전국,이혼(건),8194,-777,-8.66,1.9
2017,6월,남녀,전 연령,전 연령,전국,이혼(건),8971,-318,-3.42,2.1
2017,5월,남녀,전 연령,전 연령,전국,이혼(건),9289,1378,17.42,2.1
2017,4월,남녀,전 연령,전 연령,전국,이혼(건),7911,-1575,-16.6,1.9
2017,3월,남녀,전 연령,전 연령,전국,이혼(건),9486,612,6.9,2.2
2017,2월,남녀,전 연령,전 연령,전국,이혼(건),8874,773,9.54,2.3
2017,1월,남녀,전 연령,전 연령,전국,이혼(건),8101,-1151,-12.44,1.9
2016,12월,남녀,전 연령,전 연령,전국,이혼(건),9252,-698,-7.02,2.1
2016,11월,남녀,전 연령,전 연령,전국,이혼(건),9950,1008,11.27,2.4
2016,10월,남녀,전 연령,전 연령,전국,이혼(건),8942,-165,-1.81,2.1
2016,9월,남녀,전 연령,전 연령,전국,이혼(건),9107,-280,-2.98,2.2
2016,8월,남녀,전 연령,전 연령,전국,이혼(건),9387,721,8.32,2.2
2016,7월,남녀,전 연령,전 연령,전국,이혼(건),8666,-549,-5.96,2
2016,6월,남녀,전 연령,전 연령,전국,이혼(건),9215,45,0.49,2.2
2016,5월,남녀,전 연령,전 연령,전국,이혼(건),9170,861,10.36,2.1
2016,4월,남녀,전 연령,전 연령,전국,이혼(건),8309,-647,-7.22,2
2016,3월,남녀,전 연령,전 연령,전국,이혼(건),8956,890,11.03,2.1
2016,2월,남녀,전 연령,전 연령,전국,이혼(건),8066,-242,-2.91,2
2016,1월,남녀,전 연령,전 연령,전국,이혼(건),8308,-1534,-15.59,1.9
2015,12월,남녀,전 연령,전 연령,전국,이혼(건),9842,746,8.2,2.3
2015,11월,남녀,전 연령,전 연령,전국,이혼(건),9096,-693,-7.08,2.2
2015,10월,남녀,전 연령,전 연령,전국,이혼(건),9789,980,11.12,2.3
2015,9월,남녀,전 연령,전 연령,전국,이혼(건),8809,127,1.46,2.1
2015,8월,남녀,전 연령,전 연령,전국,이혼(건),8682,-834,-8.76,2
2015,7월,남녀,전 연령,전 연령,전국,이혼(건),9516,-484,-4.84,2.2
2015,6월,남녀,전 연령,전 연령,전국,이혼(건),10000,1683,20.24,2.4
2015,5월,남녀,전 연령,전 연령,전국,이혼(건),8317,-501,-5.68,1.9
2015,4월,남녀,전 연령,전 연령,전국,이혼(건),8818,-401,-4.35,2.1
2015,3월,남녀,전 연령,전 연령,전국,이혼(건),9219,1440,18.51,2.1
2015,2월,남녀,전 연령,전 연령,전국,이혼(건),7779,-1507,-16.23,2
2015,1월,남녀,전 연령,전 연령,전국,이혼(건),9286,-604,-6.11,2.1
2014,12월,남녀,전 연령,전 연령,전국,이혼(건),9890,569,6.1,2.3
2014,11월,남녀,전 연령,전 연령,전국,이혼(건),9321,-706,-7.04,2.2
2014,10월,남녀,전 연령,전 연령,전국,이혼(건),10027,138,1.4,2.3
2014,9월,남녀,전 연령,전 연령,전국,이혼(건),9889,727,7.93,2.4
2014,8월,남녀,전 연령,전 연령,전국,이혼(건),9162,-1180,-11.41,2.1
2014,7월,남녀,전 연령,전 연령,전국,이혼(건),10342,704,7.3,2.4
2014,6월,남녀,전 연령,전 연령,전국,이혼(건),9638,-214,-2.17,2.3
2014,5월,남녀,전 연령,전 연령,전국,이혼(건),9852,276,2.88,2.3
2014,4월,남녀,전 연령,전 연령,전국,이혼(건),9576,104,1.1,2.3
2014,3월,남녀,전 연령,전 연령,전국,이혼(건),9472,203,2.19,2.2
2014,2월,남녀,전 연령,전 연령,전국,이혼(건),9269,197,2.17,2.4
2014,1월,남녀,전 연령,전 연령,전국,이혼(건),9072,-920,-9.21,2.1
2013,12월,남녀,전 연령,전 연령,전국,이혼(건),9992,250,2.57,2.3
2013,11월,남녀,전 연령,전 연령,전국,이혼(건),9742,-848,-8.01,2.3
2013,10월,남녀,전 연령,전 연령,전국,이혼(건),10590,1219,13.01,2.5
2013,9월,남녀,전 연령,전 연령,전국,이혼(건),9371,-456,-4.64,2.3
2013,8월,남녀,전 연령,전 연령,전국,이혼(건),9827,-962,-8.92,2.3
2013,7월,남녀,전 연령,전 연령,전국,이혼(건),10789,1617,17.63,2.5
2013,6월,남녀,전 연령,전 연령,전국,이혼(건),9172,-1094,-10.66,2.2
2013,5월,남녀,전 연령,전 연령,전국,이혼(건),10266,1069,11.62,2.4
2013,4월,남녀,전 연령,전 연령,전국,이혼(건),9197,669,7.84,2.2
2013,3월,남녀,전 연령,전 연령,전국,이혼(건),8528,81,0.96,2
2013,2월,남녀,전 연령,전 연령,전국,이혼(건),8447,-924,-9.86,2.2
2013,1월,남녀,전 연령,전 연령,전국,이혼(건),9371,470,5.28,2.2
2012,12월,남녀,전 연령,전 연령,전국,이혼(건),8901,-1014,-10.23,2.1
2012,11월,남녀,전 연령,전 연령,전국,이혼(건),9915,-57,-0.57,2.4
2012,10월,남녀,전 연령,전 연령,전국,이혼(건),9972,835,9.14,2.3
2012,9월,남녀,전 연령,전 연령,전국,이혼(건),9137,-833,-8.36,2.2
2012,8월,남녀,전 연령,전 연령,전국,이혼(건),9970,-188,-1.85,2.3
2012,7월,남녀,전 연령,전 연령,전국,이혼(건),10158,456,4.7,2.4
2012,6월,남녀,전 연령,전 연령,전국,이혼(건),9702,-413,-4.08,2.4
2012,5월,남녀,전 연령,전 연령,전국,이혼(건),10115,1591,18.66,2.4
2012,4월,남녀,전 연령,전 연령,전국,이혼(건),8524,-987,-10.38,2.1
2012,3월,남녀,전 연령,전 연령,전국,이혼(건),9511,113,1.2,2.2
2012,2월,남녀,전 연령,전 연령,전국,이혼(건),9398,385,4.27,2.4
2012,1월,남녀,전 연령,전 연령,전국,이혼(건),9013,-1334,-12.89,2.1
2011,12월,남녀,전 연령,전 연령,전국,이혼(건),10347,-68,-0.65,2.4
2011,11월,남녀,전 연령,전 연령,전국,이혼(건),10415,746,7.72,2.5
2011,10월,남녀,전 연령,전 연령,전국,이혼(건),9669,-304,-3.05,2.3
2011,9월,남녀,전 연령,전 연령,전국,이혼(건),9973,228,2.34,2.4
2011,8월,남녀,전 연령,전 연령,전국,이혼(건),9745,225,2.36,2.3
2011,7월,남녀,전 연령,전 연령,전국,이혼(건),9520,-260,-2.66,2.2
2011,6월,남녀,전 연령,전 연령,전국,이혼(건),9780,312,3.3,2.4
2011,5월,남녀,전 연령,전 연령,전국,이혼(건),9468,994,11.73,2.2
2011,4월,남녀,전 연령,전 연령,전국,이혼(건),8474,-1178,-12.2,2.1
2011,3월,남녀,전 연령,전 연령,전국,이혼(건),9652,1370,16.54,2.3
2011,2월,남녀,전 연령,전 연령,전국,이혼(건),8282,-677,-7.56,2.2
2011,1월,남녀,전 연령,전 연령,전국,이혼(건),8959,-1330,-12.93,2.1
2010,12월,남녀,전 연령,전 연령,전국,이혼(건),10289,-492,-4.56,2.4
2010,11월,남녀,전 연령,전 연령,전국,이혼(건),10781,935,9.5,2.6
2010,10월,남녀,전 연령,전 연령,전국,이혼(건),9846,608,6.58,2.3
2010,9월,남녀,전 연령,전 연령,전국,이혼(건),9238,-489,-5.03,2.2
2010,8월,남녀,전 연령,전 연령,전국,이혼(건),9727,-153,-1.55,2.3
2010,7월,남녀,전 연령,전 연령,전국,이혼(건),9880,-405,-3.94,2.3
2010,6월,남녀,전 연령,전 연령,전국,이혼(건),10285,995,10.71,2.5
2010,5월,남녀,전 연령,전 연령,전국,이혼(건),9290,-155,-1.64,2.2
2010,4월,남녀,전 연령,전 연령,전국,이혼(건),9445,-748,-7.34,2.3
2010,3월,남녀,전 연령,전 연령,전국,이혼(건),10193,1593,18.52,2.4
2010,2월,남녀,전 연령,전 연령,전국,이혼(건),8600,-684,-7.37,2.3
2010,1월,남녀,전 연령,전 연령,전국,이혼(건),9284,,,2.2